Pri-miRNA,sequence_5’ flanking region,sequence_guide strand,sequence_loop,sequence_passenger strand,sequence_3’ flanking region,Target sequence,Start,End,Score,mfediff,seed_guide,seed_passenger,mismatches_guide,mismatches_passenger,indicated_guide,indicated_passenger
hsa-mir-30a,GAAGGUAUAUUGCUGUUGACAGUGAGCGAC,UAUUUAAUGUCAGUCUGAUAGC,CUGUGAAGCCACAGAUGGG,GCUAUCAGAGACAUUAAAUAGC,UGCCUACUGCCUCGGACUUCAAGGGGCUAC,GCUAUCAGACUGACAUUAAAUA,1200,1221,6.50,3.40,-10.34,17.84,15,14,1,30
hsa-mir-30a,GAAGGUAUAUUGCUGUUGACAGUGAGCGAC,UUAACCAUCCCUCCCGUCACAG,CUGUGAAGCCACAGAUGGG,CUGUGACGGGGGAUGGUUAAGC,UGCCUACUGCCUCGGACUUCAAGGGGCUAC,CUGUGACGGGAGGGAUGGUUAA,643,664,10.01,3.10,20.03,32.19,14,14,7,23
hsa-mir-30a,GAAGGUAUAUUGCUGUUGACAGUGAGCGAC,UUUUACAGGGCUGGCUCUCCUC,CUGUGAAGCCACAGAUGGG,GAGGAGAGCGCCCUGUAAAAGC,UGCCUACUGCCUCGGACUUCAAGGGGCUAC,GAGGAGAGCCAGCCCUGUAAAA,609,630,10.39,4.30,11.85,34.2,12,16,6,5
hsa-mir-30a,GAAGGUAUAUUGCUGUUGACAGUGAGCGAC,UUUUUACAGGGCUGGCUCUCCU,CUGUGAAGCCACAGAUGGG,AGGAGAGCCCCCUGUAAAAAGC,UGCCUACUGCCUCGGACUUCAAGGGGCUAC,AGGAGAGCCAGCCCUGUAAAAA,610,631,10.78,4.60,7.22,41.55,NaN,5,0,4
hsa-mir-30a,GAAGGUAUAUUGCUGUUGACAGUGAGCGAC,UUUUUUUUCCUGUUGCCUUCAA,CUGUGAAGCCACAGAUGGG,UUGAAGGCAAGGAAAAAAAAGC,UGCCUACUGCCUCGGACUUCAAGGGGCUAC,UUGAAGGCAACAGGAAAAAAAA,484,505,10.80,2.20,-11.38,36.56,15,15,1,7
hsa-mir-30a,GAAGGUAUAUUGCUGUUGACAGUGAGCGAC,UUUUUCCUGUUGCCUUCAAUCA,CUGUGAAGCCACAGAUGGG,UGAUUGAAGAACAGGAAAAAGC,UGCCUACUGCCUCGGACUUCAAGGGGCUAC,UGAUUGAAGGCAACAGGAAAAA,481,502,10.83,2.50,18.78,16.34,15,15,3,5
hsa-mir-30a,GAAGGUAUAUUGCUGUUGACAGUGAGCGAC,UAAAGAAAGAAUUCCACGUGUG,CUGUGAAGCCACAGAUGGG,CACACGUGGUUCUUUCUUUAGC,UGCCUACUGCCUCGGACUUCAAGGGGCUAC,CACACGUGGAAUUCUUUCUUUA,444,465,10.89,2.90,5.59,31.62,16,18,2,1
hsa-mir-30a,GAAGGUAUAUUGCUGUUGACAGUGAGCGAC,UUUGGAAUGGAGCCUACUUCUC,CUGUGAAGCCACAGAUGGG,GAGAAGUAGUCCAUUCCAAAGC,UGCCUACUGCCUCGGACUUCAAGGGGCUAC,GAGAAGUAGGCUCCAUUCCAAA,810,831,11.94,4.00,20.15,19,13,15,62,1
hsa-mir-30a,GAAGGUAUAUUGCUGUUGACAGUGAGCGAC,UUAUAUUCUUAUUGGCCCGGUG,CUGUGAAGCCACAGAUGGG,CACCGGGCCUAAGAAUAUAAGC,UGCCUACUGCCUCGGACUUCAAGGGGCUAC,CACCGGGCCAAUAAGAAUAUAA,221,242,12.56,2.60,3.54,52.76,15,19,1,4
hsa-mir-30a,GAAGGUAUAUUGCUGUUGACAGUGAGCGAC,UAUACAGAAAAUCCACAGUGCA,CUGUGAAGCCACAGAUGGG,UGCACUGUGUUUUCUGUAUAGC,UGCCUACUGCCUCGGACUUCAAGGGGCUAC,UGCACUGUGGAUUUUCUGUAUA,930,951,12.59,3.10,20.34,36.1,5,3,4,2
hsa-mir-30a,GAAGGUAUAUUGCUGUUGACAGUGAGCGAC,UUUAGUACUGGAUGGAACGGCC,CUGUGAAGCCACAGAUGGG,GGCCGUUCCCCAGUACUAAAGC,UGCCUACUGCCUCGGACUUCAAGGGGCUAC,GGCCGUUCCAUCCAGUACUAAA,1018,1039,12.99,5.40,14.34,39.41,14,13,8,1
hsa-mir-30a,GAAGGUAUAUUGCUGUUGACAGUGAGCGAC,UUUCUUUCCCACUUUGGAAUGG,CUGUGAAGCCACAGAUGGG,CCAUUCCAAUGGGAAAGAAAGC,UGCCUACUGCCUCGGACUUCAAGGGGCUAC,CCAUUCCAAAGUGGGAAAGAAA,822,843,13.09,3.40,14.89,25.44,13,NaN,1,0
hsa-mir-30a,GAAGGUAUAUUGCUGUUGACAGUGAGCGAC,UUAGUACUGGAUGGAACGGCCA,CUGUGAAGCCACAGAUGGG,UGGCCGUUCUCCAGUACUAAGC,UGCCUACUGCCUCGGACUUCAAGGGGCUAC,UGGCCGUUCCAUCCAGUACUAA,1017,1038,13.18,3.60,18.85,43.66,NaN,NaN,0,0
hsa-mir-30a,GAAGGUAUAUUGCUGUUGACAGUGAGCGAC,UUUGGAAUCCUACGGAACUGAG,CUGUGAAGCCACAGAUGGG,CUCAGUUCCAGGAUUCCAAAGC,UGCCUACUGCCUCGGACUUCAAGGGGCUAC,CUCAGUUCCGUAGGAUUCCAAA,1075,1096,13.48,3.60,20.15,26.52,16,14,8,1
hsa-mir-30a,GAAGGUAUAUUGCUGUUGACAGUGAGCGAC,UAAGCAUUUAGUACUGGAUGGA,CUGUGAAGCCACAGAUGGG,UCCAUCCAGCUAAAUGCUUAGC,UGCCUACUGCCUCGGACUUCAAGGGGCUAC,UCCAUCCAGUACUAAAUGCUUA,1024,1045,15.80,3.40,18.58,35.74,14,13,1,3
hsa-mir-30a,GAAGGUAUAUUGCUGUUGACAGUGAGCGAC,UGUUAUAUUCUUAUUGGCCCGG,CUGUGAAGCCACAGAUGGG,CCGGGCCAAAGAAUAUAACAGC,UGCCUACUGCCUCGGACUUCAAGGGGCUAC,CCGGGCCAAUAAGAAUAUAACA,223,244,53.21,3.00,1.1,51.54,15,15,7,2
hsa-mir-30a,GAAGGUAUAUUGCUGUUGACAGUGAGCGAC,UUUUUUUUUCCUGUUGCCUUCA,CUGUGAAGCCACAGAUGGG,UGAAGGCAAGGAAAAAAAAAGC,UGCCUACUGCCUCGGACUUCAAGGGGCUAC,UGAAGGCAACAGGAAAAAAAAA,485,506,56.12,2.20,-11.38,36.56,18,16,1,1
hsa-mir-30a,GAAGGUAUAUUGCUGUUGACAGUGAGCGAC,UAUGCUAAGUUACAUGUGUCAC,CUGUGAAGCCACAGAUGGG,GUGACACAUAACUUAGCAUAGC,UGCCUACUGCCUCGGACUUCAAGGGGCUAC,GUGACACAUGUAACUUAGCAUA,337,358,57.15,3.20,19.78,31.19,16,16,2,1
hsa-mir-30a,GAAGGUAUAUUGCUGUUGACAGUGAGCGAC,UAGAAGUACAGAAACAUAGGGC,CUGUGAAGCCACAGAUGGG,GCCCUAUGUCUGUACUUCUAGC,UGCCUACUGCCUCGGACUUCAAGGGGCUAC,GCCCUAUGUUUCUGUACUUCUA,735,756,58.88,2.60,19,29.49,16,16,6,2
hsa-mir-30a,GAAGGUAUAUUGCUGUUGACAGUGAGCGAC,UAAAGAUCAUUCUAGUGCCCUG,CUGUGAAGCCACAGAUGGG,CAGGGCACUAAUGAUCUUUAGC,UGCCUACUGCCUCGGACUUCAAGGGGCUAC,CAGGGCACUAGAAUGAUCUUUA,552,573,62.59,3.30,14.8,45.83,17,17,22,1
hsa-mir-30a,GAAGGUAUAUUGCUGUUGACAGUGAGCGAC,UUUGCUUUCAACGUCAGUAGGA,CUGUGAAGCCACAGAUGGG,UCCUACUGAUUGAAAGCAAAGC,UGCCUACUGCCUCGGACUUCAAGGGGCUAC,UCCUACUGACGUUGAAAGCAAA,516,537,65.26,4.10,18.62,28.56,NaN,NaN,0,0
hsa-mir-30a,GAAGGUAUAUUGCUGUUGACAGUGAGCGAC,UGAUUUUUUUUUUCCUGUUGCC,CUGUGAAGCCACAGAUGGG,GGCAACAGGAAAAAAAAUCAGC,UGCCUACUGCCUCGGACUUCAAGGGGCUAC,GGCAACAGGAAAAAAAAAAUCA,489,510,74.56,2.70,0.43,30.41,4,3,26,28
hsa-mir-30a,GAAGGUAUAUUGCUGUUGACAGUGAGCGAC,UUAGAUUGUCUCUCUGUUAUCC,CUGUGAAGCCACAGAUGGG,GGAUAACAGAGACAAUCUAAGC,UGCCUACUGCCUCGGACUUCAAGGGGCUAC,GGAUAACAGAGAGACAAUCUAA,765,786,79.89,3.10,13.43,16.12,4,NaN,3,0
hsa-mir-30a,GAAGGUAUAUUGCUGUUGACAGUGAGCGAC,UGUUUUCCAGGGCGCCAUCCCC,CUGUGAAGCCACAGAUGGG,GGGGAUGGCCCUGGAAAACAGC,UGCCUACUGCCUCGGACUUCAAGGGGCUAC,GGGGAUGGCGCCCUGGAAAACA,394,415,87.28,3.90,21.25,41.15,3,5,2,1