guia_dna	score_mirarchitect
TATTTAATGTCAGTCTGATAGC	6.50
TATTCACTAGACCAAACAAAGC	8.93
TTAACCATCCCTCCCGTCACAG	10.01
TTTTTACAGGGCTGGCTCTCCT	10.78
TTTTTTTTCCTGTTGCCTTCAA	10.80
TTTTTCCTGTTGCCTTCAATCA	10.83
TAAAGAAAGAATTCCACGTGTG	10.89
TCTAGATTCCCAGGTGGGAGGC	11.43
TTTGGAATGGAGCCTACTTCTC	11.94
TTATATTCTTATTGGCCCGGTG	12.56
TTATACAGAAATCCACAGTGCA	12.83
TTTAGTACTGGATGGAACGGCC	12.99
TTTCTTTCCCACTTTGGAATGG	13.09
TTAGTACTGGATGGAACGGCCA	13.18
TTTGGAATCCTACGGAACTGAG	13.48
TGTTTATATTCTTATTGGCCCG	13.94
TAAGCATTTTAGTACTGGATGGA	15.80
TTTATATCTTATTGGCCCGGT	17.13
TTTTTTTTCCTGTTGCCTTCA	56.12
TATGCTAAGTTACATGTGTCAC	57.15
TAGAAGTACAGAAACATAGGGC	58.88
TAAAGATCATTCTAGTGCCCTG	62.59
TTTGCTTTCAACGTCAGTAGGA	65.26
TGATTTTTTTTTCCTGTTGCC	74.56
TGTTTCCAGGGCGCCATCCCC	87.28